datasetKey,datasetTitle
a69c6cda-5dc0-4362-88ed-b39d90eb4d17,Hoverfly records verified via iRecord
02d1e772-54ee-4767-b4b8-c35f0c7270ba,NBIS Records to December 2016
a86201a4-fa20-44e5-ade2-68ea3563cfa8,"Macro-moth distribution records for the UK from Butterfly Conservation, up to 2019"
040c5662-da76-4782-a48e-cdea1892d14c,International Barcode of Life project (iBOL)
a99ca3c9-7448-4bf6-aba5-0ef61b01232c,Rotherham Biological Records Centre - Non-sensitive Records from all taxonomic groups
ad07ac5e-718d-40cc-8093-b61169b745ef,"Shieldbug and allied species records, from iRecord"
1270b3c8-ff55-4b63-a407-dcd7e08cd23f,Dragonfly records from the British Dragonfly Society Recording Scheme
0e7ec47d-6247-4fdd-bfb7-96281e0b5ebe,Wider Countryside Butterfly Scheme (WCBS)
14e259a2-7985-4001-b799-1dc177067ab1,Mayfly (Ephemeroptera) Data for Great Britain for 1906-2017
b4c0c858-f6f3-415f-aec1-f7e3534a8126,UK Ladybird Survey data from iRecord
bba60198-3eb5-4101-954d-3e2c87df4b73,Caddisfly (Trichoptera) records from Britain (excluding Northern Ireland and Channel Islands) up to July 2024 from the National Trichoptera (Caddisfly) Recording Scheme
bbee118c-a50e-4f7f-bca1-d5bfefc5360b,SER Species-based Surveys
1ac5a87d-2256-49b5-af3e-88cf2f651c1d,Cambridgeshire and Peterborough Environmental Records Centre data
1a20c977-7365-49d2-8100-5978d4e52234,Soldierflies and Allies Recording Scheme - data verified via iRecord
1c736f5f-18d4-40d3-b25a-ec9d3c3500c7,Argyll Biological Records Dataset
1e266c3d-92ef-4d5a-8e4a-c04742c772c3,UK Butterfly Monitoring Scheme (UKBMS)
c3c56ab1-706c-4e7f-85f8-f6f860e203f2,Merseyside BioBank (verified)
20fa3e49-f75c-4aad-adcd-6b3882caf6db,HBRG Insects Dataset Vol 1
c358edb6-9b46-45eb-a173-b854910500a9,Fife Nature Records Centre Combined Dataset
c8ab6260-a5b3-4605-a810-130bc08cf7ea,Moths in Berkshire vice-county - records verified via iRecord
cbc9dc02-6315-4daf-add2-d132ace4662c,Steve Lane - Warwickshire dataset and Personal records from various vice-counties
d59ea6f3-f758-4d84-8c90-be078629127e,"Butterfly distribution records for the UK from Butterfly Conservation, up to 2019"
e707e6da-e143-445d-b41d-529c4a777e8b,Suffolk Biodiversity Information Service (SBIS) Dataset
f7fd7255-5be6-48cf-b76a-821cb84aa93f,BRERC Notable Species records within the last 10 years
fb1ff97d-b030-4a37-9fd4-5c65f12db810,Ground Beetle Recording Scheme - data verified via iRecord
fd7d3a3d-7f94-495f-9df6-842d12e2e4b7,KiEco Freshwater Ecology: River Macroinvertebrates
50c9509d-22c7-4a22-a47d-8c48425ef4a7,iNaturalist Research-grade Observations
a4b65ad0-4873-4f93-9dd0-f9f8101aede8,NE Scotland butterfly and moth records 1800-2010
3965d122-ad7d-463e-90be-7eaa006bea18,Leicestershire and Rutland Environmental Records Centre records 2000-2009
3dc9bf37-32f5-492f-92fc-559faf6d93e8,Coleoptera records from iRecord for families not covered by a recording scheme
3dc2a7f6-8d3a-4228-a69c-ec795028fe2f,Miscellaneous records held on the Cofnod database
5e43a220-a91d-485b-b608-58fd22693be7,All taxa records for Leicestershire and Rutland
4f174243-a6e2-4ab3-99cb-129d2a6267e7,Water Beetle Surveys from Britain and Ireland
a7e947a1-15d4-43ab-a244-b4e7511e5423,Butterfly distributions for Scotland  from Butterfly Conservation and the Biological Records Centre
0d348ed7-42d6-4fb1-bb53-504f329bcbf8,Leicestershire and Rutland Environmental Records Centre records 2020-2024
ce8530a2-cd4b-4e51-9927-76bf49b5a9a6,Welsh Invertebrate Database (WID)
80df9ab6-fb28-422c-8b86-e92cf9bfdbf7,BeeWalk bumblebee distributions for Great Britain 2008-2022
935bb261-f341-49db-9b4c-58d7fbac0386,Orthoptera and Allied Insects of the British Isles data from iRecord
12934e15-749a-4df4-ab89-211c10573525,Diptera records from iRecord for families not covered by a recording scheme
cbd94c94-02ae-4c40-b5b5-ec7221f0482b,Grasshopper and Cricket (Orthoptera) and related species records from Britain and Ireland to 2007
216952bd-4392-4f48-bd5f-322486e2b35c,Coleoptera: Records for Kent
6a9b060b-d419-4569-ad6f-5ebf4afbbcf3,Weevil and Bark Beetle records via iRecord
8a6ca920-216c-4731-a892-f5132570d9ad,An 'as-complete-as-possible' Sussex Beetle Records dataset covering the period to March 2017
6eed5110-c7b8-11de-b279-d063ea754e15,Bees of Ireland
68fa8801-0b3e-400e-afa6-5ad08e0f1e4c,Ladybird Survey of the UK
559204c2-814a-4756-92b5-9dec6f0a1936,Bob Merritt Coleoptera Dataset
194ff6a4-09cb-47da-87c9-3c927858c5e3,"Plant bugs and allied species records, from iRecord"
1da5bc24-67c3-4fd7-a584-6111cd8472c1,Trevor and Dilys Pendleton Eakring and Nottinghamshire Invertebrate Records
5180805a-a528-40ea-a03b-4911ef4e4ef6,Insects Outer Hebrides
ec148118-3936-4e83-a2ca-a1e19529fa92,Derek Lott Coleoptera Dataset
03eafed8-48c0-4561-a7d5-827e2e946b3d,Auchenorrhyncha Recording Scheme - records for UK verified via iRecord
7e380070-f762-11e1-a439-00145eb45e9a,Natural History Museum (London) Collection Specimens
33325913-c769-48ca-b7fc-1d22dfa9beee,Tullie House Museum Natural History Collections
05835387-a9e6-403a-9c61-02632467ff21,Chrysomelidae beetle data from iRecord
6ec0db76-23c5-44b5-80f8-ad7e2aa17773,RHS monitoring of native and naturalised plants and animals at its gardens and surrounding areas
97f3592b-08ab-4adb-85df-1fb3bee7e2d3,Soldier Beetles and Allies Recording Scheme - data verified via iRecord
5e5ddab0-ffad-4dc1-b095-7d43c6b36bb6,SEWBReC Beetles (South East Wales)
5744948f-0530-407d-bdaa-60ef7bba9709,UK Cranefly Recording Scheme - records verified via iRecord
3968e868-da6f-4120-a0e0-47a5bb6cb5dc,SEWBReC Diptera - True Flies (South East Wales)
5187a2f9-91f1-4511-b4f0-60a2658a7e36,"Caddisfly (Trichoptera) records from Britain and Ireland, via iRecord"
9bd520e3-00fa-4955-a554-924ea440862c,Hoverflies (Syrphidae) of Ireland
594e1181-c38a-4f44-b78c-ceab50351cca,National Trust Species Records
51b7fe74-b4d9-4027-bd75-8425bfcf5300,"Bee, wasp and ant (Hymenoptera: Aculeata) records verified via iRecord"
1e0353fa-78d9-4799-998a-74685255e04e,Longhorn beetle (Cerambycidae) data from iRecord
8359171b-9432-421e-88fc-56a55f1c098c,Invertebrate Site Register - England 1738-2005
e2413993-3e6c-4519-abe5-02b75cb645c6,Invertebrate Common Standards Monitoring and ISIS Test Data
98af357b-541e-4f16-b35c-8ca68767be99,River macroinvertebrate data for 2005 and 2006
7d564ea2-6a0d-4312-a321-724f1ab8a5b2,Butterflies of Northern Ireland
7d17a2b2-8751-41b5-ac9b-48effc1ea236,BRERC species records from all years at full resolution excluding Notable Species within the last 10 years
7f8fd849-af78-4eb4-b764-5b11346aa193,"Record species dataset covering Cheshire, Halton, Warrington & Wirral"
17ea10b4-1ef2-42ba-9cb1-b38937dd15b9,RHS lily beetle (Lilioceris lilii) monitoring
8b935540-2b2e-47f5-b722-2a80445e45c7,KiEco Freshwater Ecology: Lake Macroinvertebrates
8a863029-f435-446a-821e-275f4f641165,"Observation.org, Nature data from around the World"
cb7c2913-e387-4fbe-9e57-a2f24ed3d88c,RHS rosemary beetle (Chrysolina americana) monitoring
867b3fb8-f762-11e1-a439-00145eb45e9a,European Moth Nights
43fa788e-a1ac-46bd-ab45-cd39db08d754,Dragonfly Ireland 2019 to 2024
84f58d09-add5-469b-af6e-f3522a8dac7d,CEDaR Online Recording
14652c82-e5d1-4c3e-bd3b-0f28e0315e08,Silphidae Recording Scheme - data verified via iRecord
0ff1dbf3-7e14-41ec-9394-3c5813fee491,Sciomyzidae Recording Scheme
ecd18a44-b841-4bfa-8b9d-b7e118640616,Oil Beetle Recording Scheme - records verified via iRecord
abbab93b-ab81-47f4-b825-85bbbc210e94,Woodmeadow Invertebrate Survey 2017
83cff6ec-743a-4dee-92de-71a3f0dd3d14,Other beetle records from National Stag Beetle Surveys 2006-2021
5a1b62b2-4a1f-4404-b481-87836564d4a5,Miscellaneous records held by BIS
68ad7ec2-0f89-4d32-9ad2-650c88899eb8,Yorkshire Wildlife Trust - Non-sensitive records from all taxonomic groups
0284b82d-cdd1-4d67-83bd-c8e42e988adb,Merseyside BioBank (unverified)
c665b271-454b-4844-a039-426dac634908,Leicestershire and Rutland Environmental Records Centre records 2015-2019
fd7cda6d-0bdb-44ed-9319-010c286d4633,Leicestershire and Rutland Environmental Records Centre records 2010-2014
3c2fb76f-ed3f-40dc-bb40-21adbbd857d5,Isle of Wight Notable Species
05d6ca91-1c63-429e-8801-3b59e2de2707,Environment Agency England and Wales (2007) freshwater invertebrate species (single species families)
b650365b-6ff5-403b-916a-f1c4a176bb45,Sawfly (Symphyta) records from iRecord
da5f7bf0-c72a-4087-b116-885fbdd10c03,Bob Merritt invertebrate records for VCs 72-75
aa8fe1e4-10ec-4fb1-a520-c062b91cb788,"SEWBReC Bees, Wasps and Ants (South East Wales)"
045d64f1-29e5-4b8e-a0e7-8d7bd6b4d1db,Aquatic Heteroptera Dataset
8c3e7db0-5c1a-49df-af56-9cb84d8511ff,Patrick Roper’s Notebooks
2c27c186-4ce8-483c-8b4d-c3d98beaabd9,Stonefly (Plecoptera) Data for Great Britain for 1955-2005
0ee9e63e-8eda-4bb1-aab1-9a29232cf437,SEWBReC Dragonflies and Damselflies (South East Wales)
6965a5f6-306a-494f-b7a4-c725f046931e,Riparia - riparian habitat surveys
1b11a5e3-6991-44fd-848b-6fd9c1368c58,Casual records for Scottish Wildlife Trust reserves - Verified data
2b91dc29-e06a-4e2e-a85b-e7781b4f5d0d,Odonata records from Kent's County Dragonfly Recorders (1976-2005)
d0d1b5f8-695a-4b08-a345-439d77b9902e,Lothian Wildlife Information Centre surveys (Invertebrates - general)
6d255bce-0129-42c7-bfee-467843015242,UK Sarcophagidae Recording Scheme
6633ffa2-dc07-4d6f-a7e4-6f53d9d94dd7,Stoneflies (Plecoptera) of Ireland
ac567b66-ed97-45c2-bc07-6f8604ee96d7,UK Biodiversity Action Plan Invertebrate Data for Wales
4fac6de9-a3ae-4334-809c-89d7a56e0d06,RHS Box tree moth (Cydalima perspectalis) monitoring
f9e117d8-d8f7-4d62-b0e2-c12c78f08c56,Ladybirds of Ireland
51de9c85-0337-4c68-9783-f13bc0aac15f,Commissioned surveys and staff surveys and reports for Scottish Wildlife Trust reserves - Unassessed data
ee9d5664-deae-4209-8e59-d3cabf81d4e2,East Lothian Council Ranger Service Records
bd552593-f9c8-4b54-8887-fb00b647c6f9,NBMP Sunset-Sunrise Survey
626fca6f-8590-478b-a662-b9c82afad2b5,"Grasshoppers, Crickets and Allied Insects (Orthoptera) of Ireland"
814940c3-f826-481e-8e4e-7408de7a2c3d,East Ayrshire Species Database
2b656601-8b91-4ae1-a6ab-06a6cd94f9fb,Sawflies of Ireland
d24b29ba-8f3b-4c41-be21-b615882e54c6,Churchyards for London
68ff0485-b37a-47ca-9016-7054d07e80b9,DBRC Hymenoptera species records 1975 to 2015
887e6209-ea70-46a7-9652-fc94ca97ae0a,Commissioned surveys and staff surveys and reports for Scottish Wildlife Trust reserves - Verified data
c3969d4c-b9c1-439a-96be-ebf369f17a0c,VectorBase (Bioinformatics Resource for Invertebrate Vectors of Human Pathogens)
547f2b71-ba25-4254-aaf1-4823600e7784,Merseyside BioBank Active Naturalists (unverified)
b480871a-6c2f-4c35-ab94-6de203c4ff28,Merseyside BioBank Active Naturalists (verified)
86ade71a-3894-4f17-bcde-f5894bc5e0f7,Cranefly (Diptera; Tipuloidea) records for Britain to 2016
af445805-7681-42d8-92a3-7b37693606e9,Water Bug (Aquatic Heteroptera) data for Britain - records verified via iRecord
2d9bfae9-789c-4a05-954b-ac9e28d0e395,Carrion Beetles of Ireland
27e416d9-ac57-48a6-ad78-55990f7af998,Tachinid Recording Scheme  - GB and Ireland records
70b7c7b1-fbea-4771-8b63-ee1c7fae393d,Scottish river macro-invertebrate records from 2007 collected by SEPA
821765c9-59dc-4310-9970-d82c2eb9eff7,Survey and monitoring records for Scottish Wildlife Trust reserves from reserve convenors and Trust volunteers - Unassessed data
661798f4-8580-439d-9c9a-1e9b64721739,Wasps of Ireland
d5b71529-6cdd-4aea-96e4-7b0660dc7e3d,Holy Loch Food Web
4abd984b-122c-44a0-8c92-b37e2f5299b1,VectorNet observations
772d950d-2cf5-491e-bf31-b670e372b3fc,Tachinid Recording Scheme - Tachinid fly records verified via iRecord
6d2c56f6-9643-429c-b4e6-c752f6a2602a,Lepidoptera Records up to April 2010
bcba1531-fb72-4a70-ade4-3845f58005a6,Odonata records from RSPB Reserves 1970-2009
a7c1e188-5a04-47fb-8fe1-6a3bcbb1b98c,RHS berberis sawfly (Arge berberidis) monitoring
9124d256-aa5f-4172-8f0d-08bf624cf899,Glasgow Museums BRC: Hemiptera
78aedfda-7343-47de-9c19-20339eb756fc,West Wales Online Records
d0cee8f6-dbf9-4355-a9c2-62ab51fe36fd,Invasive Species and Pests
b660c51c-17cc-44e7-973a-bec13da75166,Heteroptera: Records for Kent
04883d31-9c89-4f63-b9f6-578b775c55cc,SEWBReC Hemiptera - True Bugs (South East Wales)
aa734892-b053-4ac2-9b3e-243c347ae481,National Stag Beetle Surveys (Great Stag Hunts)
07609307-26f9-490f-89ea-4e74497e3c0d,Brecknock Wildlife Trust (Now WTSWW Brecknockhire) records held by BIS
4ef9544b-2b9c-49ae-9c82-195d2866ca01,"SEWBReC Grasshoppers, Bush-crickets and allies (South East Wales)"
e0eb19aa-f73c-4e45-917e-d2d3c157ed92,Orthoptera & Allies: Records for Kent
10288b46-163b-4789-a95e-0a7cd0c504d4,"Mayfly (Ephemeroptera) records from Britain and Ireland, via iRecord"
e0965074-67c1-46c0-9360-f8e4f98867b1,HBRG Richard Moore beetle records from Raasay Dataset
d57e08b7-391c-44fd-bdcd-0694f7e223a3,"Stonefly (Plecoptera) records from Britain and Ireland, via iRecord"
9501194c-ad89-4dd5-9cc7-04d74f9ea819,Native Species Surveys Across Wales (1978 to 2006)
10b5baed-e737-45ce-97fc-02f1602d9008,Ron McBeath records (2010 - 2014)
fcc07720-a1c3-4e74-aee6-f9ca2593087f,SEWBReC Lacewings and Allies (South East Wales)
c3bc38ef-c1f2-46db-86e7-b020604fd5f2,Small Acalypterate Families Recording Scheme - records via iRecord
99bcf021-ed3e-411e-8cb3-a8c145e3a2d2,Hymenoptera Records up to April 2010
b58e9847-900a-413d-90e2-712bb7006db6,TWIC - Identification Workshops dataset
2a101f26-35e1-4197-94ec-bd25033292a7,Staffordshire Wildlife Trust Nature Reserves Inventory
efb3f1a0-43d5-4ae6-a58f-4fd61043756a,National Trust for Scotland Species Records
66a51aea-8662-4685-9fd0-9d4b596617d5,General Biodiversity Records from Ireland
05452a3d-913a-4e62-b575-76c8c6b99010,Glasgow Museums BRC: Ladybirds
809865a3-5c34-4f9b-b058-e98d820dfe90,HBRG Insects Dataset Vol 2
b005b9fb-85ed-4950-b96c-6b200cf559d6,Dragonflies and Damselflies 1862-2013
2ae1fe04-6f12-4766-bdee-50e5b2dc1148,Species within North Ayrshire from 1984 - Present
76525e81-9210-401d-a90d-5509f771c0e7,The Albert J. Cook Arthropod Research Collection
cef450df-7155-4c9d-9eb3-7b9b4d868bfa,Sheffield and Rotherham Wildlife Trust - Records
90eae6b8-57d2-4d24-8eb3-1dbde00f1669,NRW Regional Data: North Wales
7a8bd8ec-3ba7-4c31-8753-7a6ef27fdc50,Dorset Sites of Nature Conservation Interest (SNCI) species records 2000-2008
bd3d6dd9-6ee1-4261-ade3-305d82e5d9bf,Records from iRecord not covered by a national recording scheme
926f5a1c-8995-498a-913b-fe0312e1071f,Dipterists Forum - Recording Scheme - Stilt & Stalk Flies
8aacd135-497b-4284-aa8c-bc4f4e8822db,RISC Heteroptera Non-Native Species Records
ceac4558-4a9a-4cb4-917a-f2c99a112f35,Woodmeadow Invertebrate Survey 2019
9fad752d-4bf9-4adf-9535-3cf6339a70fb,Department of Agriculture Environment and Rural Affairs (DAERA) Marine and Fisheries Division Marine Survey Data
db1abc39-7b60-4103-815d-820fa37cb62b,Protected and Invasive Species Records Collected Through Environment Agency Survey 1995 - 2021
a8c8144a-3693-4d92-8bc4-49e00dd8defc,Survey and monitoring records for Scottish Wildlife Trust reserves from reserve convenors and Trust volunteers - Verified data
56a946bf-bd42-4a54-8543-4380d92f9762,INNS Data: All Taxa (West Wales)
8c1f38ba-29a2-4fa1-a668-b259df5e6388,Glasgow Museums BRC: Chrysomelidae
120b7285-b1e6-4653-ab30-8d4231ccc9bc,Cerambycidae Dataset
688e9ab9-d010-4691-96e0-80ca29323a57,City of Edinburgh Natural Heritage Service - Natural Heritage Service Data
55496782-b8ea-4b4e-9215-abf93ac67f3a,Rhinophoridae Recording Scheme - verified via iRecord
0a0d4ca1-5bfd-4594-9d51-40b972308bf5,NE Scotland other invertebrate records 1800-2010
3b91df32-521d-4351-a45a-d4a45debbc81,SEWBReC Caddisflies (South East Wales)
b63a7193-0c48-4648-a728-086157f26373,Hymenoptera collection of National Museum of Nature and Science
5e096c60-f909-4213-9cf3-05b1f2ad5a5e,Heleomyzid Recording Scheme - data verified via iRecord
f7fe989b-4f4e-4ad5-832b-5c09d654ec67,Flickr (01) Shieldbugs & allied species
aa764da1-8d58-4381-b926-f6a88163f2a3,Orthoptera (and allies) records for Dumfries and Galloway
52422715-c1db-40a0-ba16-b84a295d248a,Seasearch Marine Surveys in England
d8cd16ba-bb74-4420-821e-083f2bac17c2,INSDC Sequences
053cc2c4-c0c9-4024-8cdb-9f45b93700bf,Nezara viridula records held by the Royal Horticultural Society
441ea9dc-0388-42b0-aad0-3950067ad183,RISC Non-Native Species Records for Rhododendron Leafhopper
d43e2d8e-be6a-4234-9b77-fadc5fda82d1,Orthopteran Records (West Wales)
0cb3cfed-53bf-4ebd-9a10-f68b4069e68b,Hemiptera Records (West Wales)
6d56415d-b007-4273-9c74-bcd6b2467434,The CPR Survey
331b0c6d-eaa2-44d5-a3c6-49b59110e4d7,"SmartRivers - Aquatic invertebrate occurrence and pressure biometric scores in English, Welsh and Scottish rivers"
ff8ccd90-5f18-47ce-af29-c2d8bcfb8dc7,DBRC Hemiptera species records 1969 to 2015
60202510-efd9-4f3c-95cc-56a950b2e033,Sciomyzidae Recording Scheme - iRecord
744505cc-d9a7-4b00-a3cb-77826a46614b,Hemiptera: Auchenorrhyncha:  Records for Kent
86e04540-4f45-43b4-b878-ade541608280,Odonata records for Dumfries and Galloway
2ce8d28a-8b47-4910-8fbd-197942cadf68,Noble Chafer: Post-BAP records from 1998 onwards
9b54bf07-7b6b-43e1-93d9-fcf8eb6be494,Biological Recording in Scotland - Bumblebee Survey
833951d4-633b-49b4-b06c-85d00396ea9e,Ants: Formica Exsecta Records (Scotland)
4913742a-fd61-412c-a4f5-5a38004e713e,"Austrocnephia, new genus, for five species of ‘ Paracnephia’ (Diptera: Simuliidae), with a key to Australian black fly genera"
60920f60-eff7-409d-884b-fba96b3c7fe6,PTES - incidental Coleoptera records from the 2006-2007 National Stag Beetle Survey
17509009-2c92-4e8e-9b36-83289940d47f,"An annotated checklist of scale insects (Hemiptera: Coccoidea) of Saint Lucia, Lesser Antilles"
d6723239-f0ef-453e-b496-9b35c1f6374a,Pallopteridae of Ireland
6ac3f774-d9fb-4796-b3e9-92bf6c81c084,NABU|naturgucker
6b3877d5-4869-43aa-af12-92c703fd5b6d,"Marine data from Natural Resources Wales (NRW) Technical Support (Research & Monitoring) Contracts, Wales"
2150bbfa-51d0-4557-ab15-fb9459881eb7,INNS Data: All Taxa (South East Wales)
cc9ae2eb-b6e9-4a4e-80ec-13c21e49963f,Kelp Fly Recording Scheme - records verified via iRecord
9261d82a-1247-41e4-b40c-4724577137ac,SEWBReC Other Insects (South East Wales)
e3654114-85ba-4100-8b14-d7a85525f68e,Glasgow Museums Biological Records Centre: Coleoptera: Silphidae
1ab54c1c-e6b6-4645-9a50-cc93725153ba,Dungflies (Scathophagidae) of Ireland
2f3420f9-8258-4fe3-85e9-bdc30c7a3bf0,Glasgow Museums Biological Records Centre: Orthoptera
1391d9e2-8f1e-45e7-84b4-f7b1d160858e,Diptera: Tephritoidea + Conopidae
c4ded37c-17e4-4848-b21d-cc17c16d86e6,iSpot (2008-2010): Shieldbugs & allied species
3a9382cc-d982-4992-8c10-734c95ba8dce,Diptera Records (West Wales)
01acbfb4-d830-4aaa-95e7-86306d81dc53,Citizen Science Cranefly Records For Ireland
3c3a7955-e23b-45f7-ab29-fe8bc5876585,Shire Group IDB species data 2004 to present
2b08c46f-903f-440e-9b53-ac0e54da0a65,Phenology Survey Outer Hebrides
e3ce628e-9683-4af7-b7a9-47eef785d3bb,Earth Guardians Weekly Feed
3419e2ce-de18-4727-868a-b239c379b3bb,Wisteria scale (Eulecanium excrescens) records acquired by the Royal Horticultural Society
0e5ec19e-aadf-4c69-871c-43c0e4273a77,2017 Onwards Rare Invertebrates in the Cairngorms Small Scabious Mining Bee Survey Data
9223ae40-6d6f-458f-83f8-8d58300f5ebf,Pittosporum sucker (Trioza vitreoradiata) records aquired by the Royal Horticultural Society
1ab44d22-13ab-47fa-b49a-681343c8b90b,City of Edinburgh Natural Heritage Service - Green Hairstreak Survey
6f6b1102-5baa-4e24-86be-073a90b14db0,"1915-2016 Department for Environment Food & Rural Affairs (Defra), Marine Strategy Framework Directive (MSFD) Collation of invasive non-indigenous species"
febe3d7b-59a7-45c1-abbd-bd610e85823b,Sepsidae Recording Scheme - records verified via iRecord
def5f1ab-0299-4f17-8dce-5ad153cc3969,Siphonaptera and Phthiraptera Recording Scheme - records verified via iRecord
88042df7-dae6-4b66-93eb-9fcbe4706bdd,"Additions to the British list of Megaselia Rondani (Diptera: Phoridae), including two new species, from the crowns of ancient pollarded trees"
13b70480-bd69-11dd-b15f-b8a03c50a862,AntWeb
cd7553aa-08aa-463e-bae3-aedd989b370a,iSpot British Isles observations
daae5a66-7bb4-4431-ac3c-a1bf70ca3407,Stackpole National Nature Reserve Species Inventory and Ad-hoc Sightings from Across Pembrokeshire
75f5d7fa-4f2b-4f97-8ca1-3a36f47a15bc,KiEco Marine Ecology: Marine Benthic Invertebrates
d443cc48-9e0d-4394-883b-e7571b53a02e,Odonata Records (West Wales)
4c5dbd00-3388-4bb7-b799-a51edf2f022a,Bee and hoverfly species data from the UK Pollinator Monitoring Scheme
94c74198-9eaf-4b43-a349-0b566dcd648a,Invertebrate records from sites that are mainly across Scotland
fae37d1f-5b7a-4fe2-8cfa-8948aefbcac2,Natural England Marine Monitoring surveys
c90a8067-b140-452a-80ef-44a861941473,Hibernating Ichneumonidae records in the Western Palearctic
83501c7f-a413-45c7-a5d5-c9bf94fa37ef,NE Scotland beetle records 1800-2014
1408d24c-9d8e-499f-bc7b-c08307869950,All Ireland Marsh Fritillary Database
f9364cd0-4e7d-48de-a5b8-bcaa1e4fd1e4,NE Scotland fungus and lichen records 1800-2010
ecce3417-d4fd-4fab-9009-09ad3f3f62b3,Xeno-canto - Orthoptera sounds from around the world
80455677-4c00-4c3d-8290-446e459a9e9c,Water Bug (aquatic Heteroptera) data for Britain
7e8caed5-bf17-43a5-b0f6-bfb71a489336,Nottinghamshire Wildlife Trust - Records
86760641-4425-4130-9d20-4dd1eaa5c4a4,Florida State Collection of Arthropods
8e2961c9-5996-474b-9bfc-90370e04448b,Ecological surveys from Bardon Hill undertaken in the period 2000 to 2007
6069bfe1-73bc-4602-a408-f723b56b813e,Hippoboscidae and Nycteribiidae Recording Scheme - records verified via iRecord
2ce65268-cf51-4ecb-bb36-ce615564c255,PondNet data 2012-2014
07f6c820-16ba-49a8-81af-72f7028b6d04,Urban Roots Malls Mire Invertebrate Records 2014
85390b2e-b2dc-451e-aeb0-5ecb8532c033,Mosquito Occurrences in the UK - Review of Literature
c0a22dc6-a92d-420b-a7e5-56e635dd5480,"Moth and butterfly records for sites in Harrow, London by John Hollingdale 2012-2019"
fc355172-2a32-4b83-a0dc-1800ae9f563e,HBRG P.F. Entwistle Colln and Notebooks Dataset
b23f9eb6-2585-4cb5-85c5-5ba39040838f,Casual records for Scottish Wildlife Trust reserves - Unassessed data
9a84e2c6-3f34-46c9-a700-7d2b7c77a799,Ants of Ireland
b6a37bbd-95d2-4c5e-8b9e-3fbefd8bd8cd,Woodmeadow Invertebrate Survey 2016
ca1d84cf-07a4-4e86-ba3a-e157676a6686,Derbyshire Casual LEPIDOPTERA records - Casual records collated by Derby Museum
9d875241-2f83-4e52-be03-57329ec7dbe5,J. B. Wallis / R. E. Roughley Museum of Entomology
480c1dc1-b1bb-4759-96b6-9dc376db1e7d,RSMP Baseline Dataset
61313732-a660-4fdf-9cfb-0d13d4553bbe,iRecord Surveys
efde0b80-02d6-4e50-9e6a-4b4329bfeec6,Records of Invasive Non Native Species held on the Cofnod database
42af43c7-361f-426f-bd5f-33486fcc8855,Glasgow Museums BRC: Carabidae
0f973260-8204-4037-bed5-aa064b1036cd,Woodmeadow Invertebrate Survey 2014
7106ea48-649c-484f-bf99-39837959287c,Dragonfly Records
8092be2b-7d33-4d60-9479-aef3375368bb,Woodmeadow Invertebrate Survey 2018
b2390da7-9704-4215-b038-3727df6e7fee,VectorDistributionStatus
ae0fcc70-dcee-4e26-9a35-eebe0c612d2b,SEWBReC Mayflies and Stoneflies (South East Wales)
57196654-cf6d-424f-8eb7-b30cd6f4d5a8,Charipinae from UK
c40816f6-5146-4f46-83a3-c4cf638ca37e,DBRC Ephemeroptera species records 1975 to 2015
261a16eb-1cd2-4b6b-85c7-ef9a36421bf4,2017 Onwards Rare Invertebrates in the Cairngorms Kentish Glory Survey Data
f3a952cc-b6f4-4e2b-91f7-e2261377c0e8,SNH Invertebrate Site Condition Monitoring 2013/14: Eastern Cairngorms SSSI
4d06d9c0-3c7b-4570-bc7c-35ce74120959,DBRC Trichoptera 1974 - 2015
8f17c1c2-69a8-4490-9d82-466134b81369,Small Acalypterate Families Recording Scheme
a276f5da-12fc-4532-902b-1c5fd5945b44,Glasgow Museums Biological Records Centre: Coleoptera: Oedemeridae
84b18cce-083a-4464-bee8-25b2083a17cd,Natural History Collections of the Faculty of Biology AMU
38e0b5be-be0a-4948-ad2e-fb009652c5b3,New Zealand Arthropod Collection - Symbiota
b48577b4-3ae0-4972-ab1a-9a95d406446d,Sepsidae of Ireland
eceb827a-21d9-4338-b943-6bb0221450ab,Dipterists Forum: Project - Conopidae
b5ddcd68-21b6-4661-9f67-a2dd3f31d6f7,Glen Finglas Species  Records
7e225289-7c61-498a-bbcc-9995685b9abc,Conopidae of Ireland
e87e14f1-76e9-48a1-8378-98cc909eb301,WTSWW Data: All Taxa (West Wales)
b8866a8d-adc7-4a3a-887b-e59f830bb988,INNS records held by BIS in Powys and Brecon Beacons National Park
8971dfba-f762-11e1-a439-00145eb45e9a,University of Alberta E. H. Strickland Entomological Museum (UASM)
439e017b-c952-490b-9b5a-1e190e55bb15,SNH Invertebrate Site Condition Monitoring 2013/14: Whitlaw Mosses SSSI
e76c5f26-8089-4cf3-bcf6-343d320fa873,Handsome Fungus Beetles (Endomychidae) of Ireland
5dea998c-ee4e-4527-94a9-26963f2770f9,"Records from Harrow, London by Margaret Huitson 2014-2022, mainly from Stanmore Country Park where she is volunteer assistant warden"
06e9df25-f352-42d5-a753-31035591bfc9,Herefordshire Wildlife Trust - Records
b0b756f7-4e99-4ec4-9710-3891ae7bddd3,City of Edinburgh Natural Heritage Service - Bonaly Moorland Moth Survey
7c9a9634-b7df-4309-b6b4-971a42c901c5,2017 Onwards Rare Invertebrates in the Cairngorms Shining Guest Ant Survey Data
e36c72ed-3b15-49f8-97fc-faaa467eb59e,NRW Regional Data: South East Wales Non-sensitive species
8821e36f-2d25-44c8-a95e-fb978f38ecde,SER Site-based Surveys
d575bb70-0830-43b6-8974-6f25529fc26f,Microlepidoptera of Glamorgan
c0e410ad-0d01-49f3-a837-71982c0e0c32,TWIC Biodiversity Field Trip Data (1995-present)
dc2f90f9-02d2-4f47-b473-e7bf104530c9,Micro-moths distribution for Dumfries and Galloway
70921b14-8ee5-47a0-aea4-679ac21e8196,Collated IRTU Freshwater Surveys
aae308f4-9f9c-4cdd-b4ef-c026f48be551,Snow Entomological Museum Collection
1cd10854-e401-4822-ae48-adaeeedc647d,Northern Ireland Environment Agency (NIEA) Collated Species Records
942c4e36-624d-4054-a6cd-b7db0b24926a,Ty Canol National Nature Reserve (NNR) Species Inventory
f03ae1bb-de27-45ea-bc58-4911e17d308f,Wildwatch North Pennines AONB project records for Cumbria
2282809d-f37b-4568-9164-72ca2d17227b,izeltlabuak.hu observations validated to species level
aba10cb3-e79b-45f8-91a7-ef79d2133af9,City of Edinburgh Natural Heritage Service - Ranger Ad-hoc records and sightings
9bbc96e1-c096-4859-94eb-3c7cf5c28443,Citizen Science Beetle Records For Ireland
aaf8db97-14cb-4401-a192-373c53ee02af,"Benthic bycatch from dredge surveys for seed mussel (Mytilus edilus) stock assessment, Outer Ards, Northern Ireland"
abd3521c-f459-468e-9039-f989786147d4,Natural Resources Wales Regional Data : Mid-Wales
82d23348-0fee-4e2d-9152-48136ef54b2d,Seasearch Marine Surveys in Wales
340984fa-507b-4aa6-b59c-cce1dcee339f,Records from the RHS insect reference collection
5a24a6ee-e554-4946-97e2-1103e61c0e49,HBRG Falk and Jones Cairngorms records Dataset
430fea04-64f9-4959-bdc2-f5f0835eecb3,Invertebrate surveys of various ponds in Scotland between 2010 and 2015
84c91672-f762-11e1-a439-00145eb45e9a,Bryotropha (Lepidoptera: Gelechiidae) in Western Palaearctic
96404cc2-f762-11e1-a439-00145eb45e9a,"Entomology Division, Yale Peabody Museum"
393b8c26-e4e0-4dd0-a218-93fc074ebf4e,INSDC Host Organism Sequences
437fa56c-e7bb-4534-93c5-8af0bebd5d72,SNH Invertebrate Site Condition Monitoring 2013/14: North Rothiemurchus Pinewood SSSI
26fbc5cf-6232-4cd9-a32f-e18ea458bdbf,Rhagionidae of Ireland
540dea47-9e5d-4653-9249-63a7691bd6d1,2023 NRW Carmarthen Bay and Estuaries SAC sediment monitoring
8c4dc552-3d5b-4ae7-ad2a-3776b571d605,Tortoise Beetles (Cassidinae) of Ireland
54620587-8002-4fc6-9c31-f397ba067bab,Platypezidae of Ireland
3d10725a-b538-4c1f-b925-42b842f013a1,Nottingham Urban Wildlife Scheme iRecord download 2014 - 2017
8bf1d38a-850c-4603-a23e-3f8cd5bd972c,MoJ BioBlitz 2019
73cc6f7d-b3ec-40c5-adc7-52b9e0cbf236,"New state and host records for Agromyzidae (Diptera) in the United States, with the description of thirty new species"
ca0ade5b-06fc-4b1a-93d6-09488fc6ed6a,Manx Biological Recording Partnership VERIFIED records loaded between 05/09/2019 and 24/01/2024
b3a5b200-6167-11de-84c0-b8a03c50a862,"Zoological Museum Amsterdam, University of Amsterdam (NL) - Diptera_Tipulidae_Palearctic"
f09380a8-4d31-4e79-9b72-74ee26438553,"Revision of the Australian leaf beetle genus Cheiloxena Baly, 1860 (Coleoptera: Chrysomelidae: Spilopyrinae)"
cc2031d1-395d-4052-8ce1-796a08c3dbf2,DASSH Data Archive Centre - Statutory Surveys
48d5602a-fbea-417a-b5d3-46073a08efda,RHS Hemerocallis midge survey
3ab13bbb-8efa-4f6a-838b-b6a8eaa3f4df,Odonata Central
e351951e-32da-46d6-b61c-e9816d39e0d4,North Merseyside Local Species Data (DEFRA Grant 23169)
823a67e8-a485-41a0-a2cd-90686b4d56be,Species found in the NOMS estate 2005 - Present
3ecbd706-44d8-469d-b40b-3e1eacaa620c,Northumberland Wildlife Trust - Records
233ba471-91a2-47a4-9946-b7e844f2124c,Montgomeryshire Wildlife Trust records held by BIS
88fd0226-d867-4946-be8b-31f584f2201d,"NORSC - Sciaroidea, UiT Tromsø Museum"
852348b9-453f-4aa2-a9db-69f9cda6fc77,Borders Backyard Biodiversity
96193ea2-f762-11e1-a439-00145eb45e9a,Texas A&M University Insect Collection
6e09f9dc-0bf2-4c20-8ff6-bd898bbc4831,Radnorshire Wildlife Trust records held by BIS
3a1e6d69-9ec6-4dc9-bdaa-c2d77bc7e174,TWIC General Records (2015 - present)
cf3bdc30-370c-48d3-8fff-b587a39d72d6,eButterfly Surveys
c8c3b2ea-3b4f-491d-85dc-989d1f4d67bd,Biogeographic data from BODC - British Oceanographic Data Centre
9370db23-4798-44c1-9cff-47f06ef992a9,"Glasgow Museums Biological Records Centre: Coleoptera: Byyrhidae, Clambidae, Dascillidae & Phalacridae"
7a2ab795-6e71-4aad-bd0a-151d873d7d96,SNH Invertebrate Site Condition Monitoring 2015: Tweedwood - Gateheugh SSSI
c4056415-ca09-45cd-bd60-f235d6e551bc,Therevidae of Ireland
17a3e551-8814-4096-affd-d24a429516ad,Species on the Edge - Great Yellow Bumblebee Monitoring - Coll and Tiree
fdc42d8b-9c6b-4559-a706-a8130eb0d034,2017 Onwards Rare Invertebrates in the Cairngorms Northern Silver Stiletto Fly Survey Data
68513375-3aa5-4f6f-9975-d97d56c21d61,Illinois Natural History Survey Insect Collection
2b044aa9-1a9a-413e-8b18-ed09da575d3f,University of Tartu Natural History Museum and Botanical Garden Zooloogical Collections
ba9984d8-d982-4fe6-b81c-a7585790034a,"University of Texas, Biodiversity Center, Entomology Collection (UTIC)"
25d08a6f-2e51-4d1c-a318-d8c84b712a39,Outer Hebrides Insect Records from Literature
c55b8fbe-5e88-4dae-89fb-38df76c0b839,"Revision of the Australian species of Figulus MacLeay, 1819 (Coleoptera: Lucanidae)"
03f2256a-e548-43d7-a731-253302f4aa34,Naturalis Biodiversity Center (NL) - Hymenoptera
82b73cc2-9e3f-46d0-a836-c647383d7c88,Records 2004-2022 by Rosemary Etheridge
0de20c27-792a-461b-ae59-3ab8221a1113,Dorset SSSI Species Records 1952 - 2004 (Natural England)
f29ab192-5964-40ae-a397-fa48ffdf0661,Zoologische Staatssammlung Muenchen - International Barcode of Life (iBOL) - Barcode of Life Project Specimen Data
2f8ec7b5-87d7-43d4-bafc-2de617998c34,City of Edinburgh Natural Heritage Service - Historical Records
6647ca7e-cf35-4eb1-8b0c-b8756a1ba6bd,Marine Intertidal Phase 1 Species Dataset from the Countryside Council for Wales 1996-2005
b84a3711-b4ca-4e4f-adac-80dfaea98d1c,Hatikka.fi observations
0ba43f1c-9dc7-4d49-ae90-60d47fd290f3,LifeWatch observatory data: phytoplankton observations by imaging flow cytometry (FlowCam) in the Belgian Part of the North Sea
339d7931-baca-4660-b650-93836399567f,"SNH Invertebrate Site Condition Monitoring of Invertebrate Assemblages at ten SSSIs, 2011-12"
cfa7bdfb-4b6d-47cd-9a42-55ab7d2e5dac,Freshwater Site Visits and Ad-hoc Sightings
b19a2611-fd69-44fa-be86-ccfb945d7294,SNH Invertebrate Site Condition Monitoring of Beetle Assemblage Features 2015: Cragbank and Wolfehopelee SSSI
09bafadb-2895-4513-aa23-a3a312d619b9,"Zum Vorkommen zweier heimlicher Blattkäfer in der Schweiz: Cryptocephalus imperialis (Laicharting, 1781) und C. octomaculatus Rossi, 1790 (Coleoptera, Chrysomelidae)"
c43398cc-5d6e-4f20-86d5-7ed3ca704531,"Rubiaphis, a new aphid genus from the Altai Republic (Homoptera: Aphididae, Macrosiphini)"
50804764-9c66-4448-8537-6767167e83c5,"NRW Regional Data: all taxa (excluding sensitive species), West Wales"
fb2ad96e-71d0-4735-815a-32371fec99f7,Neuropteren Deutschlands (Neuropterida of Germany)
fcb5e1b0-1d32-4784-a405-49714c25ca18,TWIC Site Surveys (2010 - present)
73319645-c321-48ed-b923-b3782a203589,IberArthro: A database compiling taxonomic and distributional data on Ibero-Balearic arthropods
b0d83536-9102-4aa6-ad8f-570b9db6c77e,Fermanagh Flora
7118a4ac-2cb2-4c10-b283-c8d2b7c7d5d5,"Riverfly Census - Aquatic invertebrate species occurrence, for the calculation of pressure biometric scores in English and Welsh rivers covering the period 2015 - 2018"
77b65773-a728-4b63-801a-69d822ab946a,Dipterists Forum: Field Week 2004 (Wiltshire)
09d0d38e-7912-44d1-9187-7f9dfa7bb57d,Woodmeadow Invertebrate Survey 2015
d09e131c-79c6-4605-b373-ce38383ea9d7,Natalie Harmsworth's Records (2010-2019)
575dc0d8-dc34-4499-9524-8cb074751d7f,Empididae of Ireland
ef7e0d45-c59f-4f48-afa3-53d9f545de56,St Andrews BioBlitz 2015
dce8feb0-6c89-11de-8225-b8a03c50a862,Australian Museum provider for OZCAM
c7a17d4f-5076-4123-86c2-b74c67822117,2012-2014 Orkney Islands Council Marine Non-Native Species Monitoring Programme
97eccb39-8a7b-4711-82ef-5f61afc1cf0c,Dr Mary Gillham Archive Project
a2a36824-70bb-431a-a5a4-1f848e5cc9b3,Agri-Food and Biosciences Institute Marine Surveys
66276aee-900b-4259-bc7a-bcfbcb6d56b8,NHMO DNA Bank Arthropod collection
b87b2913-b9ad-4ec5-8272-0978994acce4,SNH Invertebrate Site Condition Monitoring 2013/14: River Spey - Insh Marshes SSSI
7665ea62-9fe3-4cc9-baac-8b0c228cf078,"Revision of the stag beetle genus Ryssonotus MacLeay (Coleoptera: Lucanidae), with descriptions of a new genus and three new species"
20c61fa5-80fd-42f8-bf78-c6aec17d229b,Yorkshire Wildlife Trust - Records
3f7df4de-b7dc-4376-b808-e479925a5ee4,A revision of the Myopsalta crucifera (Ashton) species group (Hemiptera: Cicadidae: Cicadettini) with 14 new species from mainland Australia
85c50f0f-6d60-4f81-8f12-c641deecb80a,Glasgow Museums Biological Records Centre: Diptera: Hippoboscoidea
80ff248c-ae04-4cf2-8f9b-5114a4bc75e5,Site Condition Monitoring of dragonflies on Loch aí Mhuilinn SSSI - 2010
f94d9259-dff1-461a-8fc3-7476be2cc149,SNH Invertebrate Site Condition Monitoring of Beetle Assemblage Features 2015: Fannich Hills SSSI
8ad85291-8e3e-4cdc-8be9-ac1c552b9e02,Bohemannia auriciliella (Nepticulidae) specimen data
935e993c-d04b-43aa-b635-d2b887287fae,Coccinellidae Data
ee5f5e73-28e3-4018-abc9-12dbf3a07553,"SEWBReC Myriapods, Isopods, and allied species (South East Wales)"
402a90d1-8180-43c4-bd7d-5799d2da6e7f,"Diptera Holarctic (MZH/Luomus, Helsinki, Finland)"
bcd789f6-3b57-4a0b-9eaa-43938025b586,Longhorn Beetles of Ireland
99e1cbb0-30b1-11de-b170-b8a03c50a862,Carabidae of Wales and England
bcbfd319-8813-4b6d-b529-07dc5a6ccf56,Dung Beetles of the Western Palaearctic
821cc27a-e3bb-4bc5-ac34-89ada245069d,"NMNH Extant Specimen Records (USNM, US)"
0378f600-438c-4699-8906-174b3b10bdd9,Revision of the genus Calofulcinia Giglio-Tos (Mantodea: Nanomantidae: Fulciniinae) in Australia
52246141-e0f3-4806-8de1-6911bc2436b8,Dorset SW Pilot species dataset
a6317f9b-de67-486c-97e9-73a2d7d88b05,Calliphoridae (Blowflies) of Ireland
49f8c381-6429-427b-8c8c-5e414e8fe36b,SNH Invertebrate Site Condition Monitoring 2015: Maidens to Doonfoot SSSI
c10629c3-3b43-4478-8ab7-f2b8a61147a7,City of Edinburgh Natural Heritage Service - Common Blue & Six Spot Burnet Moth Survey
1a635d8e-8a8a-4850-9d44-66a6d5f68885,Dipterists Forum - Field Weeks 2000 & 2001 (Cornwall & Devon)
f68a06a3-5d58-4782-a913-b255f0b177c9,SNH Invertebrate Site Condition Monitoring of Beetle Assemblage Features 2015: Taynish Woods SSSI
4dce5e5a-9601-41d1-a4d0-d1c7b7b19ccd,"A new species of Protearomyia (Diptera, Lonchaeidae) with a review of the genus in the Palearctic"
2a1034af-7400-4e8c-b21b-3837926a9682,Coleoptera Palaearctic (Luomus) (PC)
552f282a-92a6-4f41-95ef-c6537026fbeb,Denver Museum of Nature & Science - Entomology
e8d35bac-2abd-47ff-ada4-a0ed81427973,ZFMK Diptera Collection
6c634b12-3739-4995-84f5-a99990ead9ca,LWIC - Local Patch Project
4d4e7415-5800-4d8b-8d4d-6de938e8d38c,Species Records for John Muir Trust Properties 2007-2009
1bec5de3-758c-4ed2-ab13-1597601ad07a,"Terrestrial and limnic invertebrates systematic collection, NTNU University Museum"
73c3ce16-26a7-4b91-ab5b-590a6ade5b22,Ben Eighe NNR invertebrate records compiled from SNH files
4e934fdd-4774-4a2e-b695-fc675ba82f5e,Porcupine Marine Natural History Society Dataset
ae24fb7b-af3c-478c-a1ed-2215a90793cc,Brigham Young University Arthropod Museum
4f1e2dec-1114-4cb5-8172-bcb1bc39bcab,HNCF BioBlitz and organized survey records from 2023 and 2025
4b53abe5-4f32-495d-a587-b2ea7ac4c760,2017 Onwards Muirkirk & North Lowther Uplands SPA species records
1af83152-24f7-4df7-afbc-b213b62175bb,Estonian University of Life Sciences Institute of Agricultural and Environmental Sciences Entomological Collection
0ffc8493-329b-4cba-a04c-89d868cc746c,Glasgow Museums Biological Records Centre: Coleoptera: Monotomidae
e5f48d9b-56ea-4684-93ac-cf2ca6ff3021,Robberflies of Ireland
ad1afe46-7393-4fac-9a6d-79c44b1377d7,The genus Rhabdomastix Skuse in Australia (Diptera: Tipuloidea: Limoniidae)
36a5c75f-106f-4d92-8574-1966b8a87159,City of Edinburgh Natural Heritage Service - Harperrig Otter Survey
80576d53-992a-41f3-a3e3-dfd0fa0242ee,Ireland's BioBlitz
edd017b6-bf00-4b00-93ad-9789c42a36b1,"Species data for Scottish waters held and managed by Scottish Natural Heritage, derived from benthic surveys 1993 to 2018"
cb4c3a5c-3b28-41a3-ace9-9fa7c60e0b31,Cumbria Non Native Invasive Species
844b5647-f5d8-48b3-a900-1b50aea2d13f,"SNH Invertebrate Site Condition Monitoring 2015-16: Culbin Sands, Culbin Forest and Findhorn Bay SSSI"
c2722072-2464-41d0-b82e-adb4ef553550,SNH Invertebrate Site Condition Monitoring 2015-16: Morrich More SSSI
eda0e170-a39f-44fc-9c03-cce4f7417df7,The Wildlife Information Centre - BioBlitz Events
83784f5e-f762-11e1-a439-00145eb45e9a,"Museo Nacional de Ciencias Naturales, Madrid. Colección de Tejidos y ADN"
e2c6a7ae-f2f7-45cb-a9c0-e885dd74927c,"Host associations of Melanterius Erichson (Coleoptera: Curculionidae: Cleogonini), with a diagnosis and delimitation of the genus and description of five new species"
c01ddb0f-b7e4-4723-b630-7e0c2217230e,2017 North Devon Area of Outstanding Natural Beauty (AONB) Combe Martin Devon Bioblitz
6cb824fd-7c2e-491b-85c9-156f1c4f9b29,SNH Invertebrate Site Condition Monitoring 2013/14: Black Wood of Rannoch SSSI
22b6fd5b-4dbe-4367-9a76-1bee6f5acdf6,"Nine new species of Agromyzidae from North Carolina, USA, with new host and distribution records for additional species"
d02e2f00-f839-44d1-a59e-bbf2a0c16c6e,SNH Invertebrate Site Condition Monitoring 2015-16: Crannach Wood SSSI
22dd29b2-ecdc-449f-96d0-e50141952ea3,OWRG Insects
ee0321a6-9e6d-4501-94aa-f12cef9c5680,David Dodds Associates Ltd - Species Records
a307e4d7-1de2-4adc-95d5-a0a8d5f57236,Natural History Museum Rotterdam - Specimens
9566b8fc-3f1d-472b-b037-7ceb5e4e94f9,HeathNet data
c497c84a-ba5e-439d-8932-b23df520e529,SNH Invertebrate Site Condition Monitoring 2013/14: Earlshall Muir SSSI
2995852e-1cb1-49dc-ba7e-37554ca8f144,"Revision of Australian Brachysandalus with the description of nine new species including one cavernicolous species (Hemiptera: Heteroptera: Reduviidae), and observations on male extragenital structure and leg teratology"
4c25bc7d-d53a-4c78-8d41-d406db7d8315,2009 The Marine Biological Association of the UK (MBA) Wembury Bioblitz Survey
771894e7-583a-4873-8a60-f7610402849f,Site Condition Monitoring of Marsh Fritillary on designated sites in west Scotland 2014-15
c1577bcc-8119-4817-b605-06c655a0ea01,City of Edinburgh Natural Heritage Service - Large Red Damselfly Survey
4d46102b-5337-4dc3-b901-8d6eda71d2d9,European stag beetle monitoring network: transect observations
1ecc4252-ce67-4f4e-aa86-4250ddd07e6d,City of Edinburgh Natural Heritage Service - Small Pearl-bordered Fritillary Survey
12947330-5546-4beb-94f3-06c43d8723e7,Immature stages of the Australian flower-loving fly Apiocera striativentris (Diptera: Apioceridae)
e664589c-33c8-4c59-8e05-4eccaaeb90b1,Coleção Entomológica Padre Jesus Santiago Moure (DZUP) - Diptera
22f40db4-cdeb-499c-82fe-5d401829747d,Norfolk and Suffolk Broads Invertebrate Data 2007-2008
2e4cc37b-302e-4f1b-bbbb-1f674ff90e14,Biofokus
88e38292-f762-11e1-a439-00145eb45e9a,Mosquito Occurrence Dataset
9940af5a-3271-4e6a-ad71-ced986b9a9a5,"Entomological Collections (NHRS), Swedish Museum of Natural History (NRM)"
b0c91373-f373-40e5-98df-6320d9047c2c,Heleomyzidae of Ireland
1bf8f32b-4d03-439c-9144-1396f8f265d1,SNH Invertebrate Site Condition Monitoring of Beetle Assemblage Features 2015: Glen Tarff SSSI
a71b06c8-c62d-46ed-8daa-f10b0aeca0da,Marine Offshore Seabed Survey data held by JNCC
ebabb49d-8838-4097-ac73-3895ec3161c5,Mayflies (Ephemeroptera) of Ireland
5c2c3c97-2010-4b2f-bacb-2a095c935afc,RSPB Lochwinnoch incidental species records
dfd79005-4ec1-4c43-8e1b-e566b7590aab,"2014 Scottish Natural Heritage (SNH) site check survey of intertidal sediment flats of Loch Moidart, Lochaber"
56a5cb72-db94-42f5-9f71-de81e56588b7,SNH Invertebrate Site Condition Monitoring 2013/14: Abernethy Forest SSSI
c0514295-6c2e-45b1-82d9-d936513a6664,Fleas (Siphonaptera) of Ireland
14cca4af-8e6e-4314-9653-de7b148c76c9,The UK Archive for Marine Species and Habitats Data
c293d351-7a9b-4963-b81b-b8dfa96fae1b,SNH Invertebrate Site Condition Monitoring 2013/14: Crathie Wood SSSI
4fa0d1fc-ad2f-4c0d-b716-278693f91afc,"Species Records for John Muir Trust Properties Nevis, Sandwood, Quinag and Schiehallion 2010."
ad05fb6a-3087-433c-a1d7-ef8ab0ab966d,New black fungus gnats (Diptera: Sciaridae) from Eastern Australia
f9e48836-88b1-47d3-bb82-7a62ea22dd7d,HBRG Highland Seashore Project Dataset
36037514-64e6-4cde-88f9-583b4b9d8bf1,"A key to European species of Hyposoter Förster, 1869 (Ichneumonidae: Campopleginae) with descriptions of 18 new species, and notes on all included species"
4046a762-a3be-4bef-9a6a-58768604fe15,R. Manning's Records
00c913d4-7148-46b3-9aa6-b2a158fa721b,Invertebrate Data from Grazing Marshes East Sussex/South-west Kent
26f5b360-8770-4d54-9c2d-397798a5e513,"Entomology, Oslo (O) UiO"
a3f862ed-9a34-40e3-8385-2c253bf50ad8,2009 - ongoing The Marine Biological Association of the UK (MBA) Devon and Cornwall Bioblitz Surveys
990e845f-836b-4467-bc5f-46c8495259ec,Seasearch Marine Surveys in Scotland
f6384b4e-64c0-4d0d-b080-a3f7cc3ae745,SNH Invertebrate Site Condition Monitoring 2015: Lindean Reservoir SSSI
5c87763e-daa1-4ea4-9c6a-210e78922dd8,Metagenome data from DNA stable isotope probing of Stiffkey saltmarsh sediment microcosms to investigate methanogenesis from choline
36bbd707-c6f6-44a2-b6b0-7e94ced2820c,City of Edinburgh Natural Heritage Service - General Public Records
f61ac482-69bb-43f8-b777-6ff5b302e577,Biological Recording in Scotland - Scotsman Wildlife Surveys
e1beb83c-9b83-4d17-ac5e-d24e09507ec5,BoBO - Botanic Garden and Botanical Museum Berlin Observations
530febaa-b914-416c-b3bf-f49a1dd821f0,BCE butterfly data expert holiday data throughout Europe
4537f6d0-0302-4606-a893-c8dfaac4fa2a,SNH Invertebrate Site Condition Monitoring of Beetle Assemblage Features 2015: Merrick Kells SSSI
5828a31f-669c-4994-904e-0e16f9ae07ed,"Revision of the Eurasian species of Aegilips Haliday, 1835 (Hymenoptera: Figitidae: Anacharitinae)"
3a042642-8151-4ed9-871b-72062df75838,BTCV wildlife counts recording workshops
531573c2-bb29-4194-8c2a-dfb98b951640,Bumblebees of the hypnorum-complex world-wide including two new near-cryptic species (Hymenoptera: Apidae)
84ecc4aa-f762-11e1-a439-00145eb45e9a,European Lepidoptera Observations by Donald Hobern
380a3068-382a-4435-af14-951a8051ea7a,City of Edinburgh Natural Heritage Service - Ranger Patrol Records
85e38c14-c3d4-4f16-b1dc-5cf0f5b601c8,Dipterists Forum: Field Week 2002 (Inverness)
44fb5823-c1f5-4ac7-8e06-795a09a138f2,Frost Entomological Museum
58308400-8f07-4f6c-bf07-6b8feea83872,USMB Insecta
8c94136f-6274-4ca9-b05d-562871277f99,SNH Invertebrate Site Condition Monitoring 2015: Blind Moss SSSI
d505ee59-5898-4bb6-92d9-db1daf4cb7db,SNH Invertebrate Site Condition Monitoring 2015: Lurgie Loch SSSI
6ce9819a-d82b-41e1-9059-0dd201f15993,"Entomological collections, UiB"
c1df184e-1340-4ab1-a045-b6e4752f7fa2,Data from Defra Family Organisations supplied to Staffordshire Ecological Record
cf8107e1-68be-4c76-a71d-05d96aeea4cb,Dipterists Forum: Field Week 2016 (Canterbury)
e336c199-0a34-4a59-b991-9dbb8b10ca26,SNH site condition monitoring of SSSIs for water beetles 2010
e7e62d11-e6b8-4532-af4c-338192b58b21,British records of herpetofauna published in the British Herpetological Society's journals
241f9bd4-613e-4050-9fe0-2ff44b526c84,St Andrews BioBlitz 2014
d1a83101-767a-4024-8866-fa4e8fca757d,2024 Fisheries Industry Science Partnership (FISP) North Eastern Inshore Fisheries and Conservation Authority (NEIFCA) North East Inshore Habitat and Species Abundance Video Tow
b0b7f5f6-51bf-4b04-a592-4835e4d7590f,World Museum Xoridinae (Ichneumonidae) from MIMSY up to December 2022
e2a7da6f-e289-4bf8-a0d8-657c2b2d38c2,SNH Invertebrate Site Condition Monitoring of Beetle Assemblage Features 2015: Abbey Craig SSSI
26098c25-8f7f-4c71-97ac-1d3db181c65e,NMNH Material Samples (USNM)
686c1b9b-5f29-4e1f-8c28-f9779d264579,Porcupine Marine Natural History Society Dataset
41c3ea59-4cba-4708-bb9d-2b5ad9a402e7,Dipterists Forum: Field Week 2015 (Nottinghamshire)
1733c941-a75a-46dd-b08f-84cea716a14a,2018 North Devon Coast Areas of Outstanding Natural Beauty Northam Burrows BioBlitz
838a6ba8-f762-11e1-a439-00145eb45e9a,"Instituto de Investigación CIBIO, Universidad de Alicante: CEUA"
80187caf-3e88-4dc1-8ded-6efcdcddaafc,SNH Invertebrate Site Condition Monitoring 2015: Carrick Ponds SSSI
a10bc4ad-ba01-4947-8ecb-470a18811005,Florida State Collection of Arthropods
2af0d55b-a0fc-475c-a32f-d68282b6cc67,ICES Zoobenthos Community dataset
e0459621-92c2-40ac-9934-72b3b1384dc3,NHMD Entomology Collection
24ba0f2a-a324-465e-8c59-6b8164217857,"Abundance and biomass of infaunal species as part of Essential fish habitat surveys, Co. Down Coast (Northern Ireland) 2012-2013."
c803bce9-4469-43db-8acd-8291d035b6a2,"Australian Diplectroninae reviewed (Insecta: Trichoptera), with description of 21 new species, most referred to a new genus"
3a6ab9d2-a0e2-4c16-8040-2e1ad912547c,SNH Invertebrate Site Condition Monitoring 2013/14: Alvie SSSI
ecae8848-bc90-499e-bf2d-9bcee74fb2f3,Tyne River Macroinvertebrates 2020
09435c69-7ec7-46f4-b52f-5131baa10143,Cornell University Insect Collection (CUIC)
56b95391-2f2b-4019-9713-5936875ad355,Published ant (Hymenoptera: Formicidae) records from the island of Cyprus
6fa3cf71-7867-4143-adb3-0729df995932,Insects and other arthropods collected and/or identified by Roel van Klink and Corinna Rickert
1671ddfb-1f8a-4d24-ab4d-50adb89af001,Auckland Museum Entomology Collection
53c36c0e-ae07-4f51-bc1d-983922c8df73,The Wildlife Information Centre - LBS Network Strategic Survey
1c1a4f5c-d754-41f9-88ee-0cc4f547dd77,Deanophlebia: A new genus of south-eastern Australian mayflies and subsequent redefinition of the subgenus Nousia (Australonousia) (Ephemeroptera: Leptophlebiidae)
705c0c0a-cf0a-4dd2-9332-d42db4601ffd,"The Suguru Igarashi Insect Collection (Lepidoptera: Hesperiidae) of The University Museum, The University of Tokyo"
61f146f8-f5e1-49f8-bc58-bed4b52be308,Lonchaeidae of Ireland
478f5929-8ea5-4941-bb69-49fbeab97530,BIOMÔR 4 The Outer Bristol Channel Marine Habitat Study
87603385-f33f-4577-8e50-ab67f36faa35,CardObs : Observations naturalistes issues de l'outil CardObs-Données naturalistes de Bruno OGER
ea78863e-a6d4-41c7-99b6-8063c90102e5,Back from the Brink Willow Tit Annual Survey Data
b26c7789-100d-411d-b9b5-5de3b26a3a8e,Records by Russell Miller
92c883e0-30b2-11de-b171-b8a03c50a862,Weevils of Wales and England
1ee2f194-4c11-4212-a77a-28a4cfcd5c50,SNH Invertebrate Site Condition Monitoring 2013/14: Glenmore Forest SSSI
57c72665-0203-45b5-b645-20d7c4d922c2,Shieldbug Records
9505d1b0-c7b8-11de-b279-e4d24581262a,Craneflies of Ireland
7182d6f0-9a7d-42e4-824f-cdce194bbff9,"Western Palaearctic Ectoedemia (Zimmermannia) Hering and Ectoedemia Busck s. str. (Lepidoptera: Nepticulidae): five new species and new data on distribution, hostplants and recognition"
48527336-7ead-4877-8152-55f3e657409c,Great British Bee Count 2016 - Stage 2 (records verified from photo)
dd946360-820d-4959-a752-77ed01cdc661,Species Surveillance Project - NNR Priority Species
3dc00daf-4d79-4388-a579-b4567b7ab9ed,SNH Invertebrate Site Condition Monitoring 2015: Dunhog Moss SSSI
fb9863f4-68cf-4e90-bc4d-2b15bdebf889,Entomologische Sammlung (ETHZ-ENT) of Eidgenössische Technische Hochschule Zürich
8a6232d7-f93e-45a3-8b16-556aa732cd39,Northern Arizona University - Arthropod Collection
813d800b-7d9f-4550-9e04-1e13bb114e7e,The Rock Pool Project database - intertidal species records from rocky shore habitats - from February 2019
4bfac3ea-8763-4f4b-a71a-76a6f5f243d3,"Museum of Comparative Zoology, Harvard University"
4c86fa9e-5cda-46d6-bd48-910ece0acf61,"Leaf-feeding species of the genus Liothrips from China (Thysanoptera, Phlaeothripinae)"
f692203b-d7e8-4b2d-9be9-31a61ae68a24,"Curated barcode collection of Auchenorrhyncha, processed by Symbiosis Evolution Group, Faculty of Biology, Jagiellonian University"
88192512-176a-4b60-8795-ac034f26ef66,An annotated taxonomic checklist of the Neotropical Gracillariidae (Lepidoptera) with links to the information on host plants and parasitoids
1fef1ead-3d02-495e-8ff1-6aeb01123408,Mosquito Alert Dataset
ea2642d2-1623-491e-b186-d693994b9a2c,Caledonian Conservation Ltd Incidental Records 2014 onwards
704bd3cf-3952-4553-a1a9-df711be60848,"Specimen data of Stigmella species (Lepicoptera, Nepticulidae) feeding on Torminalis glaberrima (Rosaceae)"
8073bd4c-cf6e-42ad-979c-dc8b3ba1d422,SNH Invertebrate Site Condition Monitoring 2013/14: Cadder Wilderness SSSI
1763be2a-8143-4945-aa97-5eac7721f084,Ealing Wildlife Group 2024-2025 Brown Hairstreak surveys
4bc14221-60af-43e5-8e92-0c2b262b9945,"Bringing Reedbeds to Life Invertebrate Survey of three key reedbed sites in England in 2009, 2010"
0df37f92-e0d3-4586-bc09-a3c127acac48,World Auchenorrhyncha Database
f1c4df18-12d6-40cb-ab51-5bb0d7f08d6e,Estonian Naturalists’ Society
dbe7a6d3-b852-4d0d-a91a-caf495556d3a,SNH Invertebrate Site Condition Monitoring 2013/14: Loch Lubnaig Marshes SSSI
eb657c33-ec74-4462-8612-ce5cc02ac543,KwaZulu-Natal Museum-Entomology-collection
917727fc-7c81-4ba8-8f53-43a3585f205a,Bee Flies of Ireland
83c5db8e-ade3-4269-9f33-00f85d90355a,SNH Invertebrate Site Condition Monitoring 2013/14: Ben Lomond SSSI
17e0578f-2987-4e2e-9e29-f63e8357a9ba,2009-2013 David Fenwick Cornwall Ad-hoc Rockpooling Sightings
32c8a198-945e-436f-a945-88a15fc10581,Great British Bee Count 2015 - Stage 2 (records verified from photo)
7cb4a425-3aab-440e-8df2-7f0ef9b17ed4,SNH Invertebrate Site Condition Monitoring 2015-16: Rum SSSI
888c4dda-f962-4373-bde4-910cfedf54eb,"Palaearctic species of Charipinae (Hymenoptera, Figitidae): two new species, synthesis and identification key"
7bf578b3-5753-4c11-bde0-4370fddf2ce9,Temporal variation in pesticide biodegradation
857bce66-f762-11e1-a439-00145eb45e9a,ZOBODAT (Zoological Botanical Database)
569d3166-4cd5-4f49-bb81-2d6da6db9744,Darwin Mounds
1706b651-c7de-4762-9205-0a38c2779d17,2006 BP Exploration and Production BP Exploration operating company Ltd. UKCS 9/23b Harding site survey May-June 2006 environmental report - Harding
85378a64-2fbc-4a48-a6b4-9f421ad48f8a,New Mexico State Collection of Arthropods
4c3b15bd-c98f-448c-9556-810fd82e8e30,University of Georgia Collection of Arthropods
7070edc8-3ef3-4cc8-8bc4-03f9735e23dc,"A new species of Dinotoperla Tillyard, 1921 from the Shoalhaven Catchment, New South Wales, Australia (Plecoptera: Gripopterygidae)"
7a498826-f762-11e1-a439-00145eb45e9a,Museu de Ciències Naturals de Barcelona: MCNB-Art
d6cd327a-7911-48e5-93e5-8664cb8a4ea8,Dipterists Forum: Field Week 2017 (Snowdonia)
5a43f1fe-cde2-4a01-aaeb-cad4ddc2a37d,2017 North Devon Area of Outstanding Natural Beauty (AONB) Combe Martin Devon Bioblitz
10663079-059b-4852-aa61-a98ea6f6b290,2015 Orkney Islands Council Harbour Authority (OICHA) Marine Non-Native Species Monitoring Programme
a38d40c6-35a5-4d58-8ff8-bbcca7ba1f16,2018 Marine Biological Association of the UK (MBA) Yealm Bioblitz
e6c97f6e-e952-11e2-961f-00145eb45e9a,Anymals+plants - Citizen Science Data
843e50de-33af-48f3-9487-2fd2d9d11ba2,SNH Invertebrate Site Condition Monitoring 2015: Rinns of Islay SSSI
c78c53c4-7cca-49b2-8818-d14a5392b0fc,Molecular evidence for deeper diversity in Australian Tanypodinae (Chironomidae): Yarrhpelopia and related new taxa
919fbd54-6fa6-4a6f-a616-4a87962a0a37,SNH Invertebrate Site Condition Monitoring 2013/14: Dollar Glen SSSI
f01782d1-107a-4884-8319-4f9c53d8cdd1,Revisions to the faunas of Andrena of the Iberian Peninsula and Morocco with the descriptions of four new species (Hymenoptera: Andrenidae)
157f9308-2312-442c-9927-b1729dfb08ef,Hymenoptera Institute Collection
297ecc07-da20-4ebf-9f41-4f80330b4b33,UTEP Insects (Arctos)
24ce30dc-f5df-4236-a05c-7e9231ef7f71,Endure – standardised invertebrate sampling in coastal blond dunes from the 2-seas region
39905320-6c8a-11de-8226-b8a03c50a862,Museums Victoria provider for OZCAM
039ece6c-1e6d-4441-8392-43ab8bb29c47,Ad-hoc Bat Records from Across Wales
becd96c5-e731-4636-8b29-97f8f2fe7ed3,SNH Invertebrate Site Condition Monitoring 2015-16: Den of Airlie SSSI
e57764ce-8c26-4ab9-a6d2-0b8a324f828c,"Revision of the genus Dinotoperla Tillyard, 1921 (Plecoptera: Gripopterygidae) using morphological characters and molecular data: Establishes two new genera, three new species and updates the larval taxonomy"
5a9ea7e8-9db0-48ff-83b2-72c04a57a6fc,SNH Invertebrate Site Condition Monitoring 2015: Mount Bog SSSI
9cc6580c-8f22-4b19-8b7a-b3a43a5cab5e,"Systematic study of Duadicus Dallas, 1851 (Insecta: Hemiptera: Heteroptera: Acanthosomatidae: Blaudusinae: Blaudusini), including the description of a new species from Western Australia"
4f272892-7a07-434f-8a69-7032826bcfb3,Dipterists Forum: Field Week 2018 (Stoke)
fe17fe38-29d7-48ec-a4f6-bda16a39679f,SNH Invertebrate Site Condition Monitoring 2013/14: Cairngorms SSSI
afc5826a-b29b-4edb-9618-11c24df5fa83,Hymenoptera World (Luomus)
3d8639f0-544a-4ca5-83a8-b729cf1c3e56,"Nineteen new species of Megaselia Rondani (Diptera, Phoridae) from Denmark"
7ab6653a-c4f4-4611-9aff-2964d56a3a4d,University of North Texas Elm Fork Insect Collection
8632c8ac-22fd-42bc-b95c-820c0c029c20,Cladotanytarsus Kieffer (Diptera: Chironomidae): several distinctive species reviewed on the basis of records from Canada and USA
ebb8109a-a28c-4a07-9827-e689e1b4e807,SNH Invertebrate Site Condition Monitoring of Beetle Assemblage Features 2015: Rhidorroch Woods SSSI
116c1862-09f5-4aa1-a9b1-e25219090316,ISEA PAS Lepidoptera Collection
b7ec1bf8-819b-11e2-bad2-00145eb45e9a,Animal Sound Archive
5c4e752c-bc86-4b72-94b0-c854a5d4ef23,"A review of West Palaearctic Hoplocampa species, focussing on Sweden (Hymenoptera, Tenthredinidae)"
7d7f4d30-bb31-4238-9d4a-58c6d16a752e,Lothian and Borders Mammal Group recording
e3004062-f320-4d91-8192-3ec889e468dc,Kent Wildlife Trust Shoresearch Intertidal Survey 2004 onwards
da23c0cd-312a-46c2-9da6-c29f21b4bf79,Marine Data from The Wildlife Trusts (TWT) Dive Team; 2014-2018
843633a9-07cb-4918-a79f-6061b52c9dfd,Naturalis Biodiversity Center (NL) - Coleoptera
fa375330-6c8a-11de-8226-b8a03c50a862,South Australian Museum Adelaide provider for OZCAM
df12ca07-f133-4550-ab3b-fde13f0e76ba,"Notebook, general observations"
86653843-d46c-4924-9cbe-34737366a5b3,South Lanarkshire peatland records 2013
5ed324a9-0610-4164-9c09-675919ca976a,SNH Invertebrate Site Condition Monitoring of Beetle Assemblage Features 2015: Ardgour Pinewoods SSSI
14afc42d-53af-44a0-b045-83053b116dce,"On Anchonidium Bedel, 1884 sensu stricto, with descriptions of two new species from the Iberian peninsula (Coleoptera, Curculionidae: Molytinae)"
b8beacf0-8401-4c8b-8b7e-8e97dc1a199e,"The species of Eilema Hübner, [1819] sensu lato present in Europe and North Africa (Lepidoptera: Erebidae: Arctiinae: Lithosiini)"
6e4b215e-9019-4934-8433-65d80a35c230,New Zealand Arthropod Collection (NZAC)
73393ec0-632e-4878-8077-76426fbeb9f1,Gloucestershire Historic Wildlife Sightings prior to 1st Jan 2000
b0c9378c-cf22-41b7-9374-c4c07e8afa2d,"New larval host records, parasitoid records, and DNA barcoding data for North American leaf-mining leaf beetles (Coleoptera: Chrysomeloidea)"
ff3a6b3a-471b-4cec-ac1c-9bdc40131802,Two new species of Maiestas Distant (Hemiptera: Cicadellidae: Deltocephalinae: Deltocephalini) with a new record from Australia
11314af8-aad0-4414-a961-e91b88fd4abb,DASSH Data Archive Centre volunteer sightings records
b23c2479-214f-4160-9f98-bd3831ab131b,Lund University Biological Museum - Insect collections Specimens
e3f3ab09-4275-499e-b556-e90e7702ba28,Ben Lui NNR invertebrate records compiled from SNH files
e0cf479c-4941-44ff-a169-f47187a422f1,Site Condition Monitoring of dragonflies on Loch aí Mhuilinn NNR - 2002
5275c9b8-f9be-4f89-b0e0-5e43518f4051,Butterflies of Ireland pre-2022
c7919f38-10fd-4806-81e2-4e81135b6af0,HBRG Other Invertebrates Dataset
a3d3fb48-90f0-442a-bd1a-d0876fc7972d,SNH Invertebrate Site Condition Monitoring 2013/14: Flanders Moss SSSI
5108c281-71ad-4ad5-bbd8-160272dcd784,SNH Invertebrate Site Condition Monitoring 2013/14: Lismore Lochs SSSI
a6aba541-5610-41b3-b350-c1f4a82581c0,False Blister Beetles (Oedemeridae) of Ireland
451c805c-ca8a-479b-848d-172db959510f,City of Edinburgh Natural Heritage Service - Bumblebee Walk
4451d876-0b6f-4f28-95a0-39c5dbc7292c,Lothian Wildlife Information Centre - I-Spy 100 (public)
f468196d-15d9-4e24-bcb9-a64ecb492eea,East Lothian Council - Biodiversity Surveys
811bed92-f762-11e1-a439-00145eb45e9a,"Ibaraki Nature Museum, Arthropoda collection"
1f26981d-ad8e-4989-975e-aba3aa25c889,Empria and Monsoma in Japan
4586e967-161c-4c50-b6fe-ff877203ddab,SNH Invertebrate Site Condition Monitoring of Beetle Assemblage Features 2015: Minto Craigs SSSI
374edb5d-8b71-4dfb-96f3-4ac464965d1d,Contribution to the knowledge of Limoniidae (Diptera: Tipuloidea): first records of 244 species from various European countries
dbdc2661-176d-437b-bfde-d4e19a4966c0,"Revision of the genus Mniophila S, 1831 (Coleoptera: Chrysomelidae)"
64552781-51af-4830-8a50-9efbbf886a14,"Taxonomic notes on West Palaearctic species of Lauxania Latreille, Sapromyza Fallén, Calliopum Strand and Minettia Robineau-Desvoidy, with a description of a new species of Minettia (Diptera, Acalyptrata: Lauxaniidae) from Morocco"
05469d71-f878-4c7c-aaf0-45e9acc45c95,"Canadian National Collection of Insects, Arachnids, and Nematodes (CNC)"
717ca917-79b1-49a3-b92f-46453e577a8a,Dipterists Forum: Field Week 2021 (Falmouth)
127246c7-144e-4e06-a5fa-90828a4bdabb,"HBRG Fungus, Lichen & Lower Plants Dataset"
22a9d0bb-946a-41d8-8632-60e0041bb5fa,Illuminating a Dark Taxon: Revision of European Trichacis Förster (Hymenoptera Platygastridae) reveals a glut of synonyms
c4a764e4-8455-425b-b553-253f9f9dfbac,Yorkshire Naturalists Union Marine and Coastal Section Records
bd5b2544-6a60-4c1b-b153-c1cc0220eb3f,SNH Invertebrate Site Condition Monitoring 2015-16: Methven Woods SSSI
ad1c1df7-6de8-4205-bdf5-7e041011bf08,Dysaphis (Dysaphis) kadyrovi sp. nov. — a new aphid species (Hemiptera: Aphididae) from Tajikistan
d5b2c375-1c51-4830-afdf-17fcbe947027,"A new species of Stenchaetothrips (Thysanoptera, Thripidae) from Bamboo, based on morphological and molecular data"
71c21f25-c877-495b-a372-07c3a1c091ca,MoJ BioBlitz August 2018
8f948bf9-6e6b-4167-aa50-bf648409d0e5,World revision of Iteaphila with unbranched radial vein (Diptera: Empidoidea: Iteaphilidae)
7ce78b4a-e6e0-4f75-a525-aa1f0f9941d6,"2014 Scottish Natural Heritage (SNH) site check survey of intertidal sediment flats of Loch Moidart, Lochaber"
66f39e15-e74d-491c-b5d2-397cd6bad884,DASSH Data Archive Centre expert sightings records
9e5d2eea-3fe1-49d4-af27-090be96f1864,Site Condition Monitoring of dragonflies on Loch aí Mhuilinn SSSI - 2016
2c5b39cf-13ae-4846-a80d-1cbecbda29aa,"New records of leaf-mining Tortricidae (Lepidoptera) in North America, with the description of a new species of Grapholita"
3fab912e-e927-4f1c-a97c-eb446cd609e0,ClimateWatch
fae78c10-321e-4c11-ba55-e651cc8c4cdb,Lepidoptera World (Luomus) (LEPW)
00f99b22-fd95-4f90-899f-4c5331cfab6c,Wildlife Observations Bardon Hill 31.5.09
229f2a59-4286-416a-838e-1069ef71bfbc,Dipterists Forum: Field Week 2019 (Stirling)
991b2a15-f13f-4bd8-97bc-f2cafc90bfc4,UWS Flanders Moss Meiofauna Records 2015
45b91d16-a0a9-4d69-8804-8a9ab2a415ee,"Sufetula culshawi sp. nov. (Lepidoptera, Crambidae, Lathrotelinae): a previously unrecognised species affecting cultivated palms"
2c902394-1936-4afa-a073-ffc258f6860f,A new scale insect host family (Hemiptera: Asterolecaniidae) for Aphytis (Hymenoptera: Aphelinidae) in China
9be3b97c-bc8c-490c-8021-dc7c75408076,Entomology Collection at the Natural History Museum of Utah
c30e99f4-de34-4e2b-89f9-0cb2ffcd62fe,2023 DAERA Sediment infauna data
7466bce8-0ac0-42e6-841e-75ffd579b986,LWIC - Common Blue Survey
5fe8fc90-ed14-46c3-8bac-9dbd2d4b92d7,St Andrews BioBlitz 2016
561159e3-982f-4eb4-8824-5459de071493,A taxonomic revision of the genus Asiobaccha Violovitsh (Diptera: Syrphidae)
94db69d0-b188-4068-829e-ce96d115ea13,Site Condition Monitoring of dragonflies on Loch aí Mhuilinn SSSI potential extension - 2016
68de8fdd-f30a-4d88-8eb0-27ebad6d96f8,Dipterists Forum: Field Week 2022 (Norfolk)
ad5eb389-d0b9-4529-b992-60d25e283177,SNH Invertebrate Site Condition Monitoring 2015: Perchhall Loch SSSI
9703e992-4050-462f-80f3-18f766af5cf3,Ciidae (Coleoptera) records from Britain and Ireland to 2004
11ddb6e5-7bc8-4478-9e80-5c85c1a08ae2,Consultancy Contract Surveys - Marine Species Records
1b50774e-3be8-4997-9f39-45e6f5d66cae,"Read between the lineata: A revision of the tattooed wasps, Zagrammosoma Ashmead (Hymenoptera: Eulophidae), with descriptions of eleven new species"
